{"Name":"ProjetVide","Hosts":[{"Name":"BOX","Type":"DHCP","Interfaces":"2"},{"Name":"Client1","Type":"Client","Interfaces":"1"},{"Name":"R_FAI","Type":"Routeur","Interfaces":"2"},{"Name":"RRI","Type":"Routeur","Interfaces":"4"},{"Name":"WEB","Type":"WEB","Interfaces":"1"},{"Name":"FTP","Type":"FTP","Interfaces":"1"},{"Name":"DNS","Type":"DNS","Interfaces":"1"}],"Links":[{"H1":"Client1","I1":"eth0","H2":"BOX","I2":"eth1"},{"H1":"R_FAI","I1":"eth0","H2":"BOX","I2":"eth0"},{"H1":"R_FAI","I1":"eth1","H2":"RRI","I2":"eth0"},{"H1":"DNS","I1":"eth0","H2":"RRI","I2":"eth2"},{"H1":"FTP","I1":"eth0","H2":"RRI","I2":"eth3"},{"H1":"WEB","I1":"eth0","H2":"RRI","I2":"eth1"}],"Bridges":[]}
