{"Name":"InternetFinal","Hosts":[{"Name":"Client1","Type":"Client","Interfaces":"1"},{"Name":"Web1","Type":"WEB","Interfaces":"1"},{"Name":"Switch1","Type":"Switch","Interfaces":"16"},{"Name":"Box1","Type":"DHCP","Interfaces":"2"},{"Name":"Switch2","Type":"Switch","Interfaces":"16"},{"Name":"Box2","Type":"DHCP","Interfaces":"2"},{"Name":"Client2","Type":"Client","Interfaces":"1"},{"Name":"RouteurFaiAcces","Type":"Routeur","Interfaces":"2"},{"Name":"Switch3","Type":"Switch","Interfaces":"16"},{"Name":"R1","Type":"Routeur","Interfaces":"2"},{"Name":"R2","Type":"Routeur","Interfaces":"2"},{"Name":"Switch4","Type":"Switch","Interfaces":"16"},{"Name":"RouteurFaiServices","Type":"Routeur","Interfaces":"2"},{"Name":"Switch5","Type":"Switch","Interfaces":"16"},{"Name":"ServerWEB","Type":"WEB","Interfaces":"1"},{"Name":"ServerDNS","Type":"DNS","Interfaces":"1"}],"Links":[{"H1":"Box2","I1":"eth0","H2":"Client2","I2":"eth0"}],"Bridges":[{"Hosts":["Client1","Web1","Box1"],"Interfaces":["eth0","eth0","eth0"]},{"Hosts":["Box1","Box2","RouteurFaiAcces"],"Interfaces":["eth1","eth1","eth0"]},{"Hosts":["RouteurFaiAcces","R1","R2"],"Interfaces":["eth1","eth1","eth0"]},{"Hosts":["R2","R1","RouteurFaiServices"],"Interfaces":["eth1","eth0","eth0"]},{"Hosts":["RouteurFaiServices","ServerWEB","ServerDNS"],"Interfaces":["eth1","eth0","eth0"]}]}